filepath,caption
dataset/navigation/Empty floor_1.jpg,navigation Empty floor
dataset/navigation/Empty floor_10.jpg,navigation Empty floor
dataset/navigation/Empty floor_100.jpg,navigation Empty floor
dataset/navigation/Empty floor_101.jpg,navigation Empty floor
dataset/navigation/Empty floor_102.jpg,navigation Empty floor
dataset/navigation/Empty floor_103.jpg,navigation Empty floor
dataset/navigation/Empty floor_104.jpg,navigation Empty floor
dataset/navigation/Empty floor_105.jpg,navigation Empty floor
dataset/navigation/Empty floor_106.jpg,navigation Empty floor
dataset/navigation/Empty floor_107.jpg,navigation Empty floor
dataset/navigation/Empty floor_108.jpg,navigation Empty floor
dataset/navigation/Empty floor_109.jpg,navigation Empty floor
dataset/navigation/Empty floor_11.jpg,navigation Empty floor
dataset/navigation/Empty floor_110.jpg,navigation Empty floor
dataset/navigation/Empty floor_111.jpg,navigation Empty floor
dataset/navigation/Empty floor_112.jpg,navigation Empty floor
dataset/navigation/Empty floor_113.jpg,navigation Empty floor
dataset/navigation/Empty floor_114.jpg,navigation Empty floor
dataset/navigation/Empty floor_115.jpg,navigation Empty floor
dataset/navigation/Empty floor_116.jpg,navigation Empty floor
dataset/navigation/Empty floor_117.jpg,navigation Empty floor
dataset/navigation/Empty floor_118.jpg,navigation Empty floor
dataset/navigation/Empty floor_119.jpg,navigation Empty floor
dataset/navigation/Empty floor_12.jpg,navigation Empty floor
dataset/navigation/Empty floor_120.jpg,navigation Empty floor
dataset/navigation/Empty floor_121.jpg,navigation Empty floor
dataset/navigation/Empty floor_122.jpg,navigation Empty floor
dataset/navigation/Empty floor_123.jpg,navigation Empty floor
dataset/navigation/Empty floor_124.jpg,navigation Empty floor
dataset/navigation/Empty floor_125.jpg,navigation Empty floor
dataset/navigation/Empty floor_126.jpg,navigation Empty floor
dataset/navigation/Empty floor_127.jpg,navigation Empty floor
dataset/navigation/Empty floor_128.jpg,navigation Empty floor
dataset/navigation/Empty floor_129.jpg,navigation Empty floor
dataset/navigation/Empty floor_13.jpg,navigation Empty floor
dataset/navigation/Empty floor_130.jpg,navigation Empty floor
dataset/navigation/Empty floor_131.jpg,navigation Empty floor
dataset/navigation/Empty floor_132.jpg,navigation Empty floor
dataset/navigation/Empty floor_133.jpg,navigation Empty floor
dataset/navigation/Empty floor_134.jpg,navigation Empty floor
dataset/navigation/Empty floor_135.jpg,navigation Empty floor
dataset/navigation/Empty floor_136.jpg,navigation Empty floor
dataset/navigation/Empty floor_137.jpg,navigation Empty floor
dataset/navigation/Empty floor_138.jpg,navigation Empty floor
dataset/navigation/Empty floor_139.jpg,navigation Empty floor
dataset/navigation/Empty floor_14.jpg,navigation Empty floor
dataset/navigation/Empty floor_140.jpg,navigation Empty floor
dataset/navigation/Empty floor_141.jpg,navigation Empty floor
dataset/navigation/Empty floor_142.jpg,navigation Empty floor
dataset/navigation/Empty floor_143.jpg,navigation Empty floor
dataset/navigation/Empty floor_144.jpg,navigation Empty floor
dataset/navigation/Empty floor_145.jpg,navigation Empty floor
dataset/navigation/Empty floor_146.jpg,navigation Empty floor
dataset/navigation/Empty floor_147.jpg,navigation Empty floor
dataset/navigation/Empty floor_148.jpg,navigation Empty floor
dataset/navigation/Empty floor_149.jpg,navigation Empty floor
dataset/navigation/Empty floor_15.jpg,navigation Empty floor
dataset/navigation/Empty floor_150.jpg,navigation Empty floor
dataset/navigation/Empty floor_151.jpg,navigation Empty floor
dataset/navigation/Empty floor_152.jpg,navigation Empty floor
dataset/navigation/Empty floor_153.jpg,navigation Empty floor
dataset/navigation/Empty floor_154.jpg,navigation Empty floor
dataset/navigation/Empty floor_155.jpg,navigation Empty floor
dataset/navigation/Empty floor_156.jpg,navigation Empty floor
dataset/navigation/Empty floor_157.jpg,navigation Empty floor
dataset/navigation/Empty floor_158.jpg,navigation Empty floor
dataset/navigation/Empty floor_159.jpg,navigation Empty floor
dataset/navigation/Empty floor_16.jpg,navigation Empty floor
dataset/navigation/Empty floor_160.jpg,navigation Empty floor
dataset/navigation/Empty floor_161.jpg,navigation Empty floor
dataset/navigation/Empty floor_162.jpg,navigation Empty floor
dataset/navigation/Empty floor_163.jpg,navigation Empty floor
dataset/navigation/Empty floor_164.jpg,navigation Empty floor
dataset/navigation/Empty floor_165.jpg,navigation Empty floor
dataset/navigation/Empty floor_166.jpg,navigation Empty floor
dataset/navigation/Empty floor_167.jpg,navigation Empty floor
dataset/navigation/Empty floor_168.jpg,navigation Empty floor
dataset/navigation/Empty floor_169.jpg,navigation Empty floor
dataset/navigation/Empty floor_17.jpg,navigation Empty floor
dataset/navigation/Empty floor_170.jpg,navigation Empty floor
dataset/navigation/Empty floor_171.jpg,navigation Empty floor
dataset/navigation/Empty floor_172.jpg,navigation Empty floor
dataset/navigation/Empty floor_173.jpg,navigation Empty floor
dataset/navigation/Empty floor_174.jpg,navigation Empty floor
dataset/navigation/Empty floor_175.jpg,navigation Empty floor
dataset/navigation/Empty floor_176.jpg,navigation Empty floor
dataset/navigation/Empty floor_177.jpg,navigation Empty floor
dataset/navigation/Empty floor_178.jpg,navigation Empty floor
dataset/navigation/Empty floor_179.jpg,navigation Empty floor
dataset/navigation/Empty floor_18.jpg,navigation Empty floor
dataset/navigation/Empty floor_180.jpg,navigation Empty floor
dataset/navigation/Empty floor_181.jpg,navigation Empty floor
dataset/navigation/Empty floor_182.jpg,navigation Empty floor
dataset/navigation/Empty floor_183.jpg,navigation Empty floor
dataset/navigation/Empty floor_184.jpg,navigation Empty floor
dataset/navigation/Empty floor_185.jpg,navigation Empty floor
dataset/navigation/Empty floor_186.jpg,navigation Empty floor
dataset/navigation/Empty floor_187.jpg,navigation Empty floor
dataset/navigation/Empty floor_188.jpg,navigation Empty floor
dataset/navigation/Empty floor_189.jpg,navigation Empty floor
dataset/navigation/Empty floor_19.jpg,navigation Empty floor
dataset/navigation/Empty floor_190.jpg,navigation Empty floor
dataset/navigation/Empty floor_191.jpg,navigation Empty floor
dataset/navigation/Empty floor_192.jpg,navigation Empty floor
dataset/navigation/Empty floor_193.jpg,navigation Empty floor
dataset/navigation/Empty floor_194.jpg,navigation Empty floor
dataset/navigation/Empty floor_195.jpg,navigation Empty floor
dataset/navigation/Empty floor_196.jpg,navigation Empty floor
dataset/navigation/Empty floor_197.jpg,navigation Empty floor
dataset/navigation/Empty floor_198.jpg,navigation Empty floor
dataset/navigation/Empty floor_199.jpg,navigation Empty floor
dataset/navigation/Empty floor_2.jpg,navigation Empty floor
dataset/navigation/Empty floor_20.jpg,navigation Empty floor
dataset/navigation/Empty floor_200.jpg,navigation Empty floor
dataset/navigation/Empty floor_201.jpg,navigation Empty floor
dataset/navigation/Empty floor_202.jpg,navigation Empty floor
dataset/navigation/Empty floor_203.jpg,navigation Empty floor
dataset/navigation/Empty floor_204.jpg,navigation Empty floor
dataset/navigation/Empty floor_205.jpg,navigation Empty floor
dataset/navigation/Empty floor_206.jpg,navigation Empty floor
dataset/navigation/Empty floor_207.jpg,navigation Empty floor
dataset/navigation/Empty floor_208.jpg,navigation Empty floor
dataset/navigation/Empty floor_209.jpg,navigation Empty floor
dataset/navigation/Empty floor_21.jpg,navigation Empty floor
dataset/navigation/Empty floor_210.jpg,navigation Empty floor
dataset/navigation/Empty floor_211.jpg,navigation Empty floor
dataset/navigation/Empty floor_212.jpg,navigation Empty floor
dataset/navigation/Empty floor_213.jpg,navigation Empty floor
dataset/navigation/Empty floor_214.jpg,navigation Empty floor
dataset/navigation/Empty floor_215.jpg,navigation Empty floor
dataset/navigation/Empty floor_216.jpg,navigation Empty floor
dataset/navigation/Empty floor_217.jpg,navigation Empty floor
dataset/navigation/Empty floor_218.jpg,navigation Empty floor
dataset/navigation/Empty floor_219.jpg,navigation Empty floor
dataset/navigation/Empty floor_22.jpg,navigation Empty floor
dataset/navigation/Empty floor_220.jpg,navigation Empty floor
dataset/navigation/Empty floor_221.jpg,navigation Empty floor
dataset/navigation/Empty floor_222.jpg,navigation Empty floor
dataset/navigation/Empty floor_223.jpg,navigation Empty floor
dataset/navigation/Empty floor_224.jpg,navigation Empty floor
dataset/navigation/Empty floor_225.jpg,navigation Empty floor
dataset/navigation/Empty floor_226.jpg,navigation Empty floor
dataset/navigation/Empty floor_227.jpg,navigation Empty floor
dataset/navigation/Empty floor_228.jpg,navigation Empty floor
dataset/navigation/Empty floor_229.jpg,navigation Empty floor
dataset/navigation/Empty floor_23.jpg,navigation Empty floor
dataset/navigation/Empty floor_230.jpg,navigation Empty floor
dataset/navigation/Empty floor_231.jpg,navigation Empty floor
dataset/navigation/Empty floor_232.jpg,navigation Empty floor
dataset/navigation/Empty floor_233.jpg,navigation Empty floor
dataset/navigation/Empty floor_234.jpg,navigation Empty floor
dataset/navigation/Empty floor_235.jpg,navigation Empty floor
dataset/navigation/Empty floor_236.jpg,navigation Empty floor
dataset/navigation/Empty floor_237.jpg,navigation Empty floor
dataset/navigation/Empty floor_238.jpg,navigation Empty floor
dataset/navigation/Empty floor_239.jpg,navigation Empty floor
dataset/navigation/Empty floor_24.jpg,navigation Empty floor
dataset/navigation/Empty floor_240.jpg,navigation Empty floor
dataset/navigation/Empty floor_241.jpg,navigation Empty floor
dataset/navigation/Empty floor_242.jpg,navigation Empty floor
dataset/navigation/Empty floor_243.jpg,navigation Empty floor
dataset/navigation/Empty floor_244.jpg,navigation Empty floor
dataset/navigation/Empty floor_245.jpg,navigation Empty floor
dataset/navigation/Empty floor_246.jpg,navigation Empty floor
dataset/navigation/Empty floor_247.jpg,navigation Empty floor
dataset/navigation/Empty floor_248.jpg,navigation Empty floor
dataset/navigation/Empty floor_249.jpg,navigation Empty floor
dataset/navigation/Empty floor_25.jpg,navigation Empty floor
dataset/navigation/Empty floor_250.jpg,navigation Empty floor
dataset/navigation/Empty floor_251.jpg,navigation Empty floor
dataset/navigation/Empty floor_252.jpg,navigation Empty floor
dataset/navigation/Empty floor_253.jpg,navigation Empty floor
dataset/navigation/Empty floor_254.jpg,navigation Empty floor
dataset/navigation/Empty floor_255.jpg,navigation Empty floor
dataset/navigation/Empty floor_256.jpg,navigation Empty floor
dataset/navigation/Empty floor_257.jpg,navigation Empty floor
dataset/navigation/Empty floor_258.jpg,navigation Empty floor
dataset/navigation/Empty floor_259.jpg,navigation Empty floor
dataset/navigation/Empty floor_26.jpg,navigation Empty floor
dataset/navigation/Empty floor_260.jpg,navigation Empty floor
dataset/navigation/Empty floor_261.jpg,navigation Empty floor
dataset/navigation/Empty floor_262.jpg,navigation Empty floor
dataset/navigation/Empty floor_263.jpg,navigation Empty floor
dataset/navigation/Empty floor_264.jpg,navigation Empty floor
dataset/navigation/Empty floor_265.jpg,navigation Empty floor
dataset/navigation/Empty floor_266.jpg,navigation Empty floor
dataset/navigation/Empty floor_267.jpg,navigation Empty floor
dataset/navigation/Empty floor_268.jpg,navigation Empty floor
dataset/navigation/Empty floor_269.jpg,navigation Empty floor
dataset/navigation/Empty floor_27.jpg,navigation Empty floor
dataset/navigation/Empty floor_270.jpg,navigation Empty floor
dataset/navigation/Empty floor_271.jpg,navigation Empty floor
dataset/navigation/Empty floor_272.jpg,navigation Empty floor
dataset/navigation/Empty floor_273.jpg,navigation Empty floor
dataset/navigation/Empty floor_274.jpg,navigation Empty floor
dataset/navigation/Empty floor_275.jpg,navigation Empty floor
dataset/navigation/Empty floor_276.jpg,navigation Empty floor
dataset/navigation/Empty floor_277.jpg,navigation Empty floor
dataset/navigation/Empty floor_278.jpg,navigation Empty floor
dataset/navigation/Empty floor_279.jpg,navigation Empty floor
dataset/navigation/Empty floor_28.jpg,navigation Empty floor
dataset/navigation/Empty floor_280.jpg,navigation Empty floor
dataset/navigation/Empty floor_281.jpg,navigation Empty floor
dataset/navigation/Empty floor_282.jpg,navigation Empty floor
dataset/navigation/Empty floor_283.jpg,navigation Empty floor
dataset/navigation/Empty floor_284.jpg,navigation Empty floor
dataset/navigation/Empty floor_285.jpg,navigation Empty floor
dataset/navigation/Empty floor_286.jpg,navigation Empty floor
dataset/navigation/Empty floor_287.jpg,navigation Empty floor
dataset/navigation/Empty floor_288.jpg,navigation Empty floor
dataset/navigation/Empty floor_289.jpg,navigation Empty floor
dataset/navigation/Empty floor_29.jpg,navigation Empty floor
dataset/navigation/Empty floor_290.jpg,navigation Empty floor
dataset/navigation/Empty floor_291.jpg,navigation Empty floor
dataset/navigation/Empty floor_292.jpg,navigation Empty floor
dataset/navigation/Empty floor_293.jpg,navigation Empty floor
dataset/navigation/Empty floor_294.jpg,navigation Empty floor
dataset/navigation/Empty floor_295.jpg,navigation Empty floor
dataset/navigation/Empty floor_296.jpg,navigation Empty floor
dataset/navigation/Empty floor_297.jpg,navigation Empty floor
dataset/navigation/Empty floor_298.jpg,navigation Empty floor
dataset/navigation/Empty floor_299.jpg,navigation Empty floor
dataset/navigation/Empty floor_3.jpg,navigation Empty floor
dataset/navigation/Empty floor_30.jpg,navigation Empty floor
dataset/navigation/Empty floor_300.jpg,navigation Empty floor
dataset/navigation/Empty floor_301.jpg,navigation Empty floor
dataset/navigation/Empty floor_302.jpg,navigation Empty floor
dataset/navigation/Empty floor_303.jpg,navigation Empty floor
dataset/navigation/Empty floor_304.jpg,navigation Empty floor
dataset/navigation/Empty floor_305.jpg,navigation Empty floor
dataset/navigation/Empty floor_306.jpg,navigation Empty floor
dataset/navigation/Empty floor_307.jpg,navigation Empty floor
dataset/navigation/Empty floor_308.jpg,navigation Empty floor
dataset/navigation/Empty floor_309.jpg,navigation Empty floor
dataset/navigation/Empty floor_31.jpg,navigation Empty floor
dataset/navigation/Empty floor_310.jpg,navigation Empty floor
dataset/navigation/Empty floor_311.jpg,navigation Empty floor
dataset/navigation/Empty floor_312.jpg,navigation Empty floor
dataset/navigation/Empty floor_313.jpg,navigation Empty floor
dataset/navigation/Empty floor_314.jpg,navigation Empty floor
dataset/navigation/Empty floor_315.jpg,navigation Empty floor
dataset/navigation/Empty floor_316.jpg,navigation Empty floor
dataset/navigation/Empty floor_317.jpg,navigation Empty floor
dataset/navigation/Empty floor_318.jpg,navigation Empty floor
dataset/navigation/Empty floor_319.jpg,navigation Empty floor
dataset/navigation/Empty floor_32.jpg,navigation Empty floor
dataset/navigation/Empty floor_320.jpg,navigation Empty floor
dataset/navigation/Empty floor_321.jpg,navigation Empty floor
dataset/navigation/Empty floor_322.jpg,navigation Empty floor
dataset/navigation/Empty floor_323.jpg,navigation Empty floor
dataset/navigation/Empty floor_324.jpg,navigation Empty floor
dataset/navigation/Empty floor_325.jpg,navigation Empty floor
dataset/navigation/Empty floor_326.jpg,navigation Empty floor
dataset/navigation/Empty floor_327.jpg,navigation Empty floor
dataset/navigation/Empty floor_328.jpg,navigation Empty floor
dataset/navigation/Empty floor_329.jpg,navigation Empty floor
dataset/navigation/Empty floor_33.jpg,navigation Empty floor
dataset/navigation/Empty floor_330.jpg,navigation Empty floor
dataset/navigation/Empty floor_331.jpg,navigation Empty floor
dataset/navigation/Empty floor_332.jpg,navigation Empty floor
dataset/navigation/Empty floor_333.jpg,navigation Empty floor
dataset/navigation/Empty floor_334.jpg,navigation Empty floor
dataset/navigation/Empty floor_335.jpg,navigation Empty floor
dataset/navigation/Empty floor_336.jpg,navigation Empty floor
dataset/navigation/Empty floor_337.jpg,navigation Empty floor
dataset/navigation/Empty floor_338.jpg,navigation Empty floor
dataset/navigation/Empty floor_339.jpg,navigation Empty floor
dataset/navigation/Empty floor_34.jpg,navigation Empty floor
dataset/navigation/Empty floor_340.jpg,navigation Empty floor
dataset/navigation/Empty floor_341.jpg,navigation Empty floor
dataset/navigation/Empty floor_342.jpg,navigation Empty floor
dataset/navigation/Empty floor_343.jpg,navigation Empty floor
dataset/navigation/Empty floor_344.jpg,navigation Empty floor
dataset/navigation/Empty floor_345.jpg,navigation Empty floor
dataset/navigation/Empty floor_346.jpg,navigation Empty floor
dataset/navigation/Empty floor_347.jpg,navigation Empty floor
dataset/navigation/Empty floor_348.jpg,navigation Empty floor
dataset/navigation/Empty floor_349.jpg,navigation Empty floor
dataset/navigation/Empty floor_35.jpg,navigation Empty floor
dataset/navigation/Empty floor_350.jpg,navigation Empty floor
dataset/navigation/Empty floor_351.jpg,navigation Empty floor
dataset/navigation/Empty floor_352.jpg,navigation Empty floor
dataset/navigation/Empty floor_353.jpg,navigation Empty floor
dataset/navigation/Empty floor_354.jpg,navigation Empty floor
dataset/navigation/Empty floor_355.jpg,navigation Empty floor
dataset/navigation/Empty floor_356.jpg,navigation Empty floor
dataset/navigation/Empty floor_357.jpg,navigation Empty floor
dataset/navigation/Empty floor_358.jpg,navigation Empty floor
dataset/navigation/Empty floor_359.jpg,navigation Empty floor
dataset/navigation/Empty floor_36.jpg,navigation Empty floor
dataset/navigation/Empty floor_360.jpg,navigation Empty floor
dataset/navigation/Empty floor_361.jpg,navigation Empty floor
dataset/navigation/Empty floor_362.jpg,navigation Empty floor
dataset/navigation/Empty floor_363.jpg,navigation Empty floor
dataset/navigation/Empty floor_364.jpg,navigation Empty floor
dataset/navigation/Empty floor_365.jpg,navigation Empty floor
dataset/navigation/Empty floor_366.jpg,navigation Empty floor
dataset/navigation/Empty floor_367.jpg,navigation Empty floor
dataset/navigation/Empty floor_368.jpg,navigation Empty floor
dataset/navigation/Empty floor_369.jpg,navigation Empty floor
dataset/navigation/Empty floor_37.jpg,navigation Empty floor
dataset/navigation/Empty floor_370.jpg,navigation Empty floor
dataset/navigation/Empty floor_371.jpg,navigation Empty floor
dataset/navigation/Empty floor_372.jpg,navigation Empty floor
dataset/navigation/Empty floor_373.jpg,navigation Empty floor
dataset/navigation/Empty floor_374.jpg,navigation Empty floor
dataset/navigation/Empty floor_375.jpg,navigation Empty floor
dataset/navigation/Empty floor_376.jpg,navigation Empty floor
dataset/navigation/Empty floor_377.jpg,navigation Empty floor
dataset/navigation/Empty floor_378.jpg,navigation Empty floor
dataset/navigation/Empty floor_379.jpg,navigation Empty floor
dataset/navigation/Empty floor_38.jpg,navigation Empty floor
dataset/navigation/Empty floor_380.jpg,navigation Empty floor
dataset/navigation/Empty floor_381.jpg,navigation Empty floor
dataset/navigation/Empty floor_382.jpg,navigation Empty floor
dataset/navigation/Empty floor_383.jpg,navigation Empty floor
dataset/navigation/Empty floor_384.jpg,navigation Empty floor
dataset/navigation/Empty floor_385.jpg,navigation Empty floor
dataset/navigation/Empty floor_386.jpg,navigation Empty floor
dataset/navigation/Empty floor_387.jpg,navigation Empty floor
dataset/navigation/Empty floor_388.jpg,navigation Empty floor
dataset/navigation/Empty floor_389.jpg,navigation Empty floor
dataset/navigation/Empty floor_39.jpg,navigation Empty floor
dataset/navigation/Empty floor_390.jpg,navigation Empty floor
dataset/navigation/Empty floor_391.jpg,navigation Empty floor
dataset/navigation/Empty floor_392.jpg,navigation Empty floor
dataset/navigation/Empty floor_393.jpg,navigation Empty floor
dataset/navigation/Empty floor_394.jpg,navigation Empty floor
dataset/navigation/Empty floor_395.jpg,navigation Empty floor
dataset/navigation/Empty floor_396.jpg,navigation Empty floor
dataset/navigation/Empty floor_397.jpg,navigation Empty floor
dataset/navigation/Empty floor_398.jpg,navigation Empty floor
dataset/navigation/Empty floor_399.jpg,navigation Empty floor
dataset/navigation/Empty floor_4.jpg,navigation Empty floor
dataset/navigation/Empty floor_40.jpg,navigation Empty floor
dataset/navigation/Empty floor_400.jpg,navigation Empty floor
dataset/navigation/Empty floor_401.jpg,navigation Empty floor
dataset/navigation/Empty floor_402.jpg,navigation Empty floor
dataset/navigation/Empty floor_403.jpg,navigation Empty floor
dataset/navigation/Empty floor_404.jpg,navigation Empty floor
dataset/navigation/Empty floor_405.jpg,navigation Empty floor
dataset/navigation/Empty floor_406.jpg,navigation Empty floor
dataset/navigation/Empty floor_407.jpg,navigation Empty floor
dataset/navigation/Empty floor_408.jpg,navigation Empty floor
dataset/navigation/Empty floor_409.jpg,navigation Empty floor
dataset/navigation/Empty floor_41.jpg,navigation Empty floor
dataset/navigation/Empty floor_410.jpg,navigation Empty floor
dataset/navigation/Empty floor_411.jpg,navigation Empty floor
dataset/navigation/Empty floor_412.jpg,navigation Empty floor
dataset/navigation/Empty floor_413.jpg,navigation Empty floor
dataset/navigation/Empty floor_414.jpg,navigation Empty floor
dataset/navigation/Empty floor_415.jpg,navigation Empty floor
dataset/navigation/Empty floor_416.jpg,navigation Empty floor
dataset/navigation/Empty floor_417.jpg,navigation Empty floor
dataset/navigation/Empty floor_418.jpg,navigation Empty floor
dataset/navigation/Empty floor_419.jpg,navigation Empty floor
dataset/navigation/Empty floor_42.jpg,navigation Empty floor
dataset/navigation/Empty floor_420.jpg,navigation Empty floor
dataset/navigation/Empty floor_421.jpg,navigation Empty floor
dataset/navigation/Empty floor_422.jpg,navigation Empty floor
dataset/navigation/Empty floor_423.jpg,navigation Empty floor
dataset/navigation/Empty floor_424.jpg,navigation Empty floor
dataset/navigation/Empty floor_425.jpg,navigation Empty floor
dataset/navigation/Empty floor_426.jpg,navigation Empty floor
dataset/navigation/Empty floor_427.jpg,navigation Empty floor
dataset/navigation/Empty floor_428.jpg,navigation Empty floor
dataset/navigation/Empty floor_429.jpg,navigation Empty floor
dataset/navigation/Empty floor_43.jpg,navigation Empty floor
dataset/navigation/Empty floor_430.jpg,navigation Empty floor
dataset/navigation/Empty floor_431.jpg,navigation Empty floor
dataset/navigation/Empty floor_432.jpg,navigation Empty floor
dataset/navigation/Empty floor_433.jpg,navigation Empty floor
dataset/navigation/Empty floor_434.jpg,navigation Empty floor
dataset/navigation/Empty floor_435.jpg,navigation Empty floor
dataset/navigation/Empty floor_436.jpg,navigation Empty floor
dataset/navigation/Empty floor_437.jpg,navigation Empty floor
dataset/navigation/Empty floor_438.jpg,navigation Empty floor
dataset/navigation/Empty floor_439.jpg,navigation Empty floor
dataset/navigation/Empty floor_44.jpg,navigation Empty floor
dataset/navigation/Empty floor_440.jpg,navigation Empty floor
dataset/navigation/Empty floor_441.jpg,navigation Empty floor
dataset/navigation/Empty floor_442.jpg,navigation Empty floor
dataset/navigation/Empty floor_443.jpg,navigation Empty floor
dataset/navigation/Empty floor_444.jpg,navigation Empty floor
dataset/navigation/Empty floor_445.jpg,navigation Empty floor
dataset/navigation/Empty floor_446.jpg,navigation Empty floor
dataset/navigation/Empty floor_447.jpg,navigation Empty floor
dataset/navigation/Empty floor_448.jpg,navigation Empty floor
dataset/navigation/Empty floor_449.jpg,navigation Empty floor
dataset/navigation/Empty floor_45.jpg,navigation Empty floor
dataset/navigation/Empty floor_450.jpg,navigation Empty floor
dataset/navigation/Empty floor_451.jpg,navigation Empty floor
dataset/navigation/Empty floor_452.jpg,navigation Empty floor
dataset/navigation/Empty floor_453.jpg,navigation Empty floor
dataset/navigation/Empty floor_454.jpg,navigation Empty floor
dataset/navigation/Empty floor_455.jpg,navigation Empty floor
dataset/navigation/Empty floor_456.jpg,navigation Empty floor
dataset/navigation/Empty floor_457.jpg,navigation Empty floor
dataset/navigation/Empty floor_458.jpg,navigation Empty floor
dataset/navigation/Empty floor_459.jpg,navigation Empty floor
dataset/navigation/Empty floor_46.jpg,navigation Empty floor
dataset/navigation/Empty floor_460.jpg,navigation Empty floor
dataset/navigation/Empty floor_461.jpg,navigation Empty floor
dataset/navigation/Empty floor_462.jpg,navigation Empty floor
dataset/navigation/Empty floor_463.jpg,navigation Empty floor
dataset/navigation/Empty floor_464.jpg,navigation Empty floor
dataset/navigation/Empty floor_465.jpg,navigation Empty floor
dataset/navigation/Empty floor_466.jpg,navigation Empty floor
dataset/navigation/Empty floor_467.jpg,navigation Empty floor
dataset/navigation/Empty floor_468.jpg,navigation Empty floor
dataset/navigation/Empty floor_469.jpg,navigation Empty floor
dataset/navigation/Empty floor_47.jpg,navigation Empty floor
dataset/navigation/Empty floor_470.jpg,navigation Empty floor
dataset/navigation/Empty floor_471.jpg,navigation Empty floor
dataset/navigation/Empty floor_472.jpg,navigation Empty floor
dataset/navigation/Empty floor_473.jpg,navigation Empty floor
dataset/navigation/Empty floor_474.jpg,navigation Empty floor
dataset/navigation/Empty floor_475.jpg,navigation Empty floor
dataset/navigation/Empty floor_476.jpg,navigation Empty floor
dataset/navigation/Empty floor_477.jpg,navigation Empty floor
dataset/navigation/Empty floor_478.jpg,navigation Empty floor
dataset/navigation/Empty floor_479.jpg,navigation Empty floor
dataset/navigation/Empty floor_48.jpg,navigation Empty floor
dataset/navigation/Empty floor_480.jpg,navigation Empty floor
dataset/navigation/Empty floor_481.jpg,navigation Empty floor
dataset/navigation/Empty floor_482.jpg,navigation Empty floor
dataset/navigation/Empty floor_483.jpg,navigation Empty floor
dataset/navigation/Empty floor_484.jpg,navigation Empty floor
dataset/navigation/Empty floor_485.jpg,navigation Empty floor
dataset/navigation/Empty floor_486.jpg,navigation Empty floor
dataset/navigation/Empty floor_487.jpg,navigation Empty floor
dataset/navigation/Empty floor_488.jpg,navigation Empty floor
dataset/navigation/Empty floor_489.jpg,navigation Empty floor
dataset/navigation/Empty floor_49.jpg,navigation Empty floor
dataset/navigation/Empty floor_490.jpg,navigation Empty floor
dataset/navigation/Empty floor_491.jpg,navigation Empty floor
dataset/navigation/Empty floor_492.jpg,navigation Empty floor
dataset/navigation/Empty floor_493.jpg,navigation Empty floor
dataset/navigation/Empty floor_494.jpg,navigation Empty floor
dataset/navigation/Empty floor_495.jpg,navigation Empty floor
dataset/navigation/Empty floor_496.jpg,navigation Empty floor
dataset/navigation/Empty floor_497.jpg,navigation Empty floor
dataset/navigation/Empty floor_498.jpg,navigation Empty floor
dataset/navigation/Empty floor_499.jpg,navigation Empty floor
dataset/navigation/Empty floor_5.jpg,navigation Empty floor
dataset/navigation/Empty floor_50.jpg,navigation Empty floor
dataset/navigation/Empty floor_500.jpg,navigation Empty floor
dataset/navigation/Empty floor_501.jpg,navigation Empty floor
dataset/navigation/Empty floor_502.jpg,navigation Empty floor
dataset/navigation/Empty floor_503.jpg,navigation Empty floor
dataset/navigation/Empty floor_504.jpg,navigation Empty floor
dataset/navigation/Empty floor_505.jpg,navigation Empty floor
dataset/navigation/Empty floor_506.jpg,navigation Empty floor
dataset/navigation/Empty floor_507.jpg,navigation Empty floor
dataset/navigation/Empty floor_508.jpg,navigation Empty floor
dataset/navigation/Empty floor_509.jpg,navigation Empty floor
dataset/navigation/Empty floor_51.jpg,navigation Empty floor
dataset/navigation/Empty floor_510.jpg,navigation Empty floor
dataset/navigation/Empty floor_511.jpg,navigation Empty floor
dataset/navigation/Empty floor_512.jpg,navigation Empty floor
dataset/navigation/Empty floor_513.jpg,navigation Empty floor
dataset/navigation/Empty floor_514.jpg,navigation Empty floor
dataset/navigation/Empty floor_515.jpg,navigation Empty floor
dataset/navigation/Empty floor_516.jpg,navigation Empty floor
dataset/navigation/Empty floor_517.jpg,navigation Empty floor
dataset/navigation/Empty floor_518.jpg,navigation Empty floor
dataset/navigation/Empty floor_519.jpg,navigation Empty floor
dataset/navigation/Empty floor_52.jpg,navigation Empty floor
dataset/navigation/Empty floor_520.jpg,navigation Empty floor
dataset/navigation/Empty floor_521.jpg,navigation Empty floor
dataset/navigation/Empty floor_522.jpg,navigation Empty floor
dataset/navigation/Empty floor_523.jpg,navigation Empty floor
dataset/navigation/Empty floor_524.jpg,navigation Empty floor
dataset/navigation/Empty floor_525.jpg,navigation Empty floor
dataset/navigation/Empty floor_526.jpg,navigation Empty floor
dataset/navigation/Empty floor_527.jpg,navigation Empty floor
dataset/navigation/Empty floor_528.jpg,navigation Empty floor
dataset/navigation/Empty floor_529.jpg,navigation Empty floor
dataset/navigation/Empty floor_53.jpg,navigation Empty floor
dataset/navigation/Empty floor_530.jpg,navigation Empty floor
dataset/navigation/Empty floor_531.jpg,navigation Empty floor
dataset/navigation/Empty floor_532.jpg,navigation Empty floor
dataset/navigation/Empty floor_533.jpg,navigation Empty floor
dataset/navigation/Empty floor_534.jpg,navigation Empty floor
dataset/navigation/Empty floor_535.jpg,navigation Empty floor
dataset/navigation/Empty floor_536.jpg,navigation Empty floor
dataset/navigation/Empty floor_537.jpg,navigation Empty floor
dataset/navigation/Empty floor_538.jpg,navigation Empty floor
dataset/navigation/Empty floor_539.jpg,navigation Empty floor
dataset/navigation/Empty floor_54.jpg,navigation Empty floor
dataset/navigation/Empty floor_540.jpg,navigation Empty floor
dataset/navigation/Empty floor_541.jpg,navigation Empty floor
dataset/navigation/Empty floor_542.jpg,navigation Empty floor
dataset/navigation/Empty floor_543.jpg,navigation Empty floor
dataset/navigation/Empty floor_544.jpg,navigation Empty floor
dataset/navigation/Empty floor_545.jpg,navigation Empty floor
dataset/navigation/Empty floor_546.jpg,navigation Empty floor
dataset/navigation/Empty floor_547.jpg,navigation Empty floor
dataset/navigation/Empty floor_548.jpg,navigation Empty floor
dataset/navigation/Empty floor_549.jpg,navigation Empty floor
dataset/navigation/Empty floor_55.jpg,navigation Empty floor
dataset/navigation/Empty floor_550.jpg,navigation Empty floor
dataset/navigation/Empty floor_56.jpg,navigation Empty floor
dataset/navigation/Empty floor_57.jpg,navigation Empty floor
dataset/navigation/Empty floor_58.jpg,navigation Empty floor
dataset/navigation/Empty floor_59.jpg,navigation Empty floor
dataset/navigation/Empty floor_6.jpg,navigation Empty floor
dataset/navigation/Empty floor_60.jpg,navigation Empty floor
dataset/navigation/Empty floor_61.jpg,navigation Empty floor
dataset/navigation/Empty floor_62.jpg,navigation Empty floor
dataset/navigation/Empty floor_63.jpg,navigation Empty floor
dataset/navigation/Empty floor_64.jpg,navigation Empty floor
dataset/navigation/Empty floor_65.jpg,navigation Empty floor
dataset/navigation/Empty floor_66.jpg,navigation Empty floor
dataset/navigation/Empty floor_67.jpg,navigation Empty floor
dataset/navigation/Empty floor_68.jpg,navigation Empty floor
dataset/navigation/Empty floor_69.jpg,navigation Empty floor
dataset/navigation/Empty floor_7.jpg,navigation Empty floor
dataset/navigation/Empty floor_70.jpg,navigation Empty floor
dataset/navigation/Empty floor_71.jpg,navigation Empty floor
dataset/navigation/Empty floor_72.jpg,navigation Empty floor
dataset/navigation/Empty floor_73.jpg,navigation Empty floor
dataset/navigation/Empty floor_74.jpg,navigation Empty floor
dataset/navigation/Empty floor_75.jpg,navigation Empty floor
dataset/navigation/Empty floor_76.jpg,navigation Empty floor
dataset/navigation/Empty floor_77.jpg,navigation Empty floor
dataset/navigation/Empty floor_78.jpg,navigation Empty floor
dataset/navigation/Empty floor_79.jpg,navigation Empty floor
dataset/navigation/Empty floor_8.jpg,navigation Empty floor
dataset/navigation/Empty floor_80.jpg,navigation Empty floor
dataset/navigation/Empty floor_81.jpg,navigation Empty floor
dataset/navigation/Empty floor_82.jpg,navigation Empty floor
dataset/navigation/Empty floor_83.jpg,navigation Empty floor
dataset/navigation/Empty floor_84.jpg,navigation Empty floor
dataset/navigation/Empty floor_85.jpg,navigation Empty floor
dataset/navigation/Empty floor_86.jpg,navigation Empty floor
dataset/navigation/Empty floor_87.jpg,navigation Empty floor
dataset/navigation/Empty floor_88.jpg,navigation Empty floor
dataset/navigation/Empty floor_89.jpg,navigation Empty floor
dataset/navigation/Empty floor_9.jpg,navigation Empty floor
dataset/navigation/Empty floor_90.jpg,navigation Empty floor
dataset/navigation/Empty floor_91.jpg,navigation Empty floor
dataset/navigation/Empty floor_92.jpg,navigation Empty floor
dataset/navigation/Empty floor_93.jpg,navigation Empty floor
dataset/navigation/Empty floor_94.jpg,navigation Empty floor
dataset/navigation/Empty floor_95.jpg,navigation Empty floor
dataset/navigation/Empty floor_96.jpg,navigation Empty floor
dataset/navigation/Empty floor_97.jpg,navigation Empty floor
dataset/navigation/Empty floor_98.jpg,navigation Empty floor
dataset/navigation/Empty floor_99.jpg,navigation Empty floor
dataset/navigation/object glove on the floor_1.jpg,navigation object glove
dataset/navigation/object glove on the floor_10.jpg,navigation object glove
dataset/navigation/object glove on the floor_100.jpg,navigation object glove
dataset/navigation/object glove on the floor_101.jpg,navigation object glove
dataset/navigation/object glove on the floor_102.jpg,navigation object glove
dataset/navigation/object glove on the floor_103.jpg,navigation object glove
dataset/navigation/object glove on the floor_104.jpg,navigation object glove
dataset/navigation/object glove on the floor_105.jpg,navigation object glove
dataset/navigation/object glove on the floor_106.jpg,navigation object glove
dataset/navigation/object glove on the floor_107.jpg,navigation object glove
dataset/navigation/object glove on the floor_108.jpg,navigation object glove
dataset/navigation/object glove on the floor_109.jpg,navigation object glove
dataset/navigation/object glove on the floor_11.jpg,navigation object glove
dataset/navigation/object glove on the floor_110.jpg,navigation object glove
dataset/navigation/object glove on the floor_111.jpg,navigation object glove
dataset/navigation/object glove on the floor_112.jpg,navigation object glove
dataset/navigation/object glove on the floor_113.jpg,navigation object glove
dataset/navigation/object glove on the floor_114.jpg,navigation object glove
dataset/navigation/object glove on the floor_115.jpg,navigation object glove
dataset/navigation/object glove on the floor_116.jpg,navigation object glove
dataset/navigation/object glove on the floor_117.jpg,navigation object glove
dataset/navigation/object glove on the floor_118.jpg,navigation object glove
dataset/navigation/object glove on the floor_119.jpg,navigation object glove
dataset/navigation/object glove on the floor_12.jpg,navigation object glove
dataset/navigation/object glove on the floor_120.jpg,navigation object glove
dataset/navigation/object glove on the floor_121.jpg,navigation object glove
dataset/navigation/object glove on the floor_122.jpg,navigation object glove
dataset/navigation/object glove on the floor_123.jpg,navigation object glove
dataset/navigation/object glove on the floor_124.jpg,navigation object glove
dataset/navigation/object glove on the floor_125.jpg,navigation object glove
dataset/navigation/object glove on the floor_126.jpg,navigation object glove
dataset/navigation/object glove on the floor_127.jpg,navigation object glove
dataset/navigation/object glove on the floor_128.jpg,navigation object glove
dataset/navigation/object glove on the floor_129.jpg,navigation object glove
dataset/navigation/object glove on the floor_13.jpg,navigation object glove
dataset/navigation/object glove on the floor_130.jpg,navigation object glove
dataset/navigation/object glove on the floor_131.jpg,navigation object glove
dataset/navigation/object glove on the floor_132.jpg,navigation object glove
dataset/navigation/object glove on the floor_133.jpg,navigation object glove
dataset/navigation/object glove on the floor_134.jpg,navigation object glove
dataset/navigation/object glove on the floor_135.jpg,navigation object glove
dataset/navigation/object glove on the floor_136.jpg,navigation object glove
dataset/navigation/object glove on the floor_137.jpg,navigation object glove
dataset/navigation/object glove on the floor_138.jpg,navigation object glove
dataset/navigation/object glove on the floor_14.jpg,navigation object glove
dataset/navigation/object glove on the floor_15.jpg,navigation object glove
dataset/navigation/object glove on the floor_16.jpg,navigation object glove
dataset/navigation/object glove on the floor_17.jpg,navigation object glove
dataset/navigation/object glove on the floor_18.jpg,navigation object glove
dataset/navigation/object glove on the floor_19.jpg,navigation object glove
dataset/navigation/object glove on the floor_2.jpg,navigation object glove
dataset/navigation/object glove on the floor_20.jpg,navigation object glove
dataset/navigation/object glove on the floor_21.jpg,navigation object glove
dataset/navigation/object glove on the floor_22.jpg,navigation object glove
dataset/navigation/object glove on the floor_23.jpg,navigation object glove
dataset/navigation/object glove on the floor_24.jpg,navigation object glove
dataset/navigation/object glove on the floor_25.jpg,navigation object glove
dataset/navigation/object glove on the floor_26.jpg,navigation object glove
dataset/navigation/object glove on the floor_27.jpg,navigation object glove
dataset/navigation/object glove on the floor_28.jpg,navigation object glove
dataset/navigation/object glove on the floor_29.jpg,navigation object glove
dataset/navigation/object glove on the floor_3.jpg,navigation object glove
dataset/navigation/object glove on the floor_30.jpg,navigation object glove
dataset/navigation/object glove on the floor_31.jpg,navigation object glove
dataset/navigation/object glove on the floor_32.jpg,navigation object glove
dataset/navigation/object glove on the floor_33.jpg,navigation object glove
dataset/navigation/object glove on the floor_34.jpg,navigation object glove
dataset/navigation/object glove on the floor_35.jpg,navigation object glove
dataset/navigation/object glove on the floor_36.jpg,navigation object glove
dataset/navigation/object glove on the floor_37.jpg,navigation object glove
dataset/navigation/object glove on the floor_38.jpg,navigation object glove
dataset/navigation/object glove on the floor_39.jpg,navigation object glove
dataset/navigation/object glove on the floor_4.jpg,navigation object glove
dataset/navigation/object glove on the floor_40.jpg,navigation object glove
dataset/navigation/object glove on the floor_41.jpg,navigation object glove
dataset/navigation/object glove on the floor_42.jpg,navigation object glove
dataset/navigation/object glove on the floor_43.jpg,navigation object glove
dataset/navigation/object glove on the floor_44.jpg,navigation object glove
dataset/navigation/object glove on the floor_45.jpg,navigation object glove
dataset/navigation/object glove on the floor_46.jpg,navigation object glove
dataset/navigation/object glove on the floor_47.jpg,navigation object glove
dataset/navigation/object glove on the floor_48.jpg,navigation object glove
dataset/navigation/object glove on the floor_49.jpg,navigation object glove
dataset/navigation/object glove on the floor_5.jpg,navigation object glove
dataset/navigation/object glove on the floor_50.jpg,navigation object glove
dataset/navigation/object glove on the floor_51.jpg,navigation object glove
dataset/navigation/object glove on the floor_52.jpg,navigation object glove
dataset/navigation/object glove on the floor_53.jpg,navigation object glove
dataset/navigation/object glove on the floor_54.jpg,navigation object glove
dataset/navigation/object glove on the floor_55.jpg,navigation object glove
dataset/navigation/object glove on the floor_56.jpg,navigation object glove
dataset/navigation/object glove on the floor_57.jpg,navigation object glove
dataset/navigation/object glove on the floor_58.jpg,navigation object glove
dataset/navigation/object glove on the floor_59.jpg,navigation object glove
dataset/navigation/object glove on the floor_6.jpg,navigation object glove
dataset/navigation/object glove on the floor_60.jpg,navigation object glove
dataset/navigation/object glove on the floor_61.jpg,navigation object glove
dataset/navigation/object glove on the floor_62.jpg,navigation object glove
dataset/navigation/object glove on the floor_63.jpg,navigation object glove
dataset/navigation/object glove on the floor_64.jpg,navigation object glove
dataset/navigation/object glove on the floor_65.jpg,navigation object glove
dataset/navigation/object glove on the floor_66.jpg,navigation object glove
dataset/navigation/object glove on the floor_67.jpg,navigation object glove
dataset/navigation/object glove on the floor_68.jpg,navigation object glove
dataset/navigation/object glove on the floor_69.jpg,navigation object glove
dataset/navigation/object glove on the floor_7.jpg,navigation object glove
dataset/navigation/object glove on the floor_70.jpg,navigation object glove
dataset/navigation/object glove on the floor_71.jpg,navigation object glove
dataset/navigation/object glove on the floor_72.jpg,navigation object glove
dataset/navigation/object glove on the floor_73.jpg,navigation object glove
dataset/navigation/object glove on the floor_74.jpg,navigation object glove
dataset/navigation/object glove on the floor_75.jpg,navigation object glove
dataset/navigation/object glove on the floor_76.jpg,navigation object glove
dataset/navigation/object glove on the floor_77.jpg,navigation object glove
dataset/navigation/object glove on the floor_78.jpg,navigation object glove
dataset/navigation/object glove on the floor_79.jpg,navigation object glove
dataset/navigation/object glove on the floor_8.jpg,navigation object glove
dataset/navigation/object glove on the floor_80.jpg,navigation object glove
dataset/navigation/object glove on the floor_81.jpg,navigation object glove
dataset/navigation/object glove on the floor_82.jpg,navigation object glove
dataset/navigation/object glove on the floor_83.jpg,navigation object glove
dataset/navigation/object glove on the floor_84.jpg,navigation object glove
dataset/navigation/object glove on the floor_85.jpg,navigation object glove
dataset/navigation/object glove on the floor_86.jpg,navigation object glove
dataset/navigation/object glove on the floor_87.jpg,navigation object glove
dataset/navigation/object glove on the floor_88.jpg,navigation object glove
dataset/navigation/object glove on the floor_89.jpg,navigation object glove
dataset/navigation/object glove on the floor_9.jpg,navigation object glove
dataset/navigation/object glove on the floor_90.jpg,navigation object glove
dataset/navigation/object glove on the floor_91.jpg,navigation object glove
dataset/navigation/object glove on the floor_92.jpg,navigation object glove
dataset/navigation/object glove on the floor_93.jpg,navigation object glove
dataset/navigation/object glove on the floor_94.jpg,navigation object glove
dataset/navigation/object glove on the floor_95.jpg,navigation object glove
dataset/navigation/object glove on the floor_96.jpg,navigation object glove
dataset/navigation/object glove on the floor_97.jpg,navigation object glove
dataset/navigation/object glove on the floor_98.jpg,navigation object glove
dataset/navigation/object glove on the floor_99.jpg,navigation object glove
dataset/navigation/object tool on the floor_1.jpg,navigation object tool
dataset/navigation/object tool on the floor_10.jpg,navigation object tool
dataset/navigation/object tool on the floor_100.jpg,navigation object tool
dataset/navigation/object tool on the floor_101.jpg,navigation object tool
dataset/navigation/object tool on the floor_102.jpg,navigation object tool
dataset/navigation/object tool on the floor_103.jpg,navigation object tool
dataset/navigation/object tool on the floor_104.jpg,navigation object tool
dataset/navigation/object tool on the floor_105.jpg,navigation object tool
dataset/navigation/object tool on the floor_106.jpg,navigation object tool
dataset/navigation/object tool on the floor_107.jpg,navigation object tool
dataset/navigation/object tool on the floor_108.jpg,navigation object tool
dataset/navigation/object tool on the floor_109.jpg,navigation object tool
dataset/navigation/object tool on the floor_11.jpg,navigation object tool
dataset/navigation/object tool on the floor_110.jpg,navigation object tool
dataset/navigation/object tool on the floor_111.jpg,navigation object tool
dataset/navigation/object tool on the floor_112.jpg,navigation object tool
dataset/navigation/object tool on the floor_113.jpg,navigation object tool
dataset/navigation/object tool on the floor_114.jpg,navigation object tool
dataset/navigation/object tool on the floor_115.jpg,navigation object tool
dataset/navigation/object tool on the floor_116.jpg,navigation object tool
dataset/navigation/object tool on the floor_117.jpg,navigation object tool
dataset/navigation/object tool on the floor_118.jpg,navigation object tool
dataset/navigation/object tool on the floor_119.jpg,navigation object tool
dataset/navigation/object tool on the floor_12.jpg,navigation object tool
dataset/navigation/object tool on the floor_120.jpg,navigation object tool
dataset/navigation/object tool on the floor_121.jpg,navigation object tool
dataset/navigation/object tool on the floor_122.jpg,navigation object tool
dataset/navigation/object tool on the floor_123.jpg,navigation object tool
dataset/navigation/object tool on the floor_124.jpg,navigation object tool
dataset/navigation/object tool on the floor_125.jpg,navigation object tool
dataset/navigation/object tool on the floor_126.jpg,navigation object tool
dataset/navigation/object tool on the floor_127.jpg,navigation object tool
dataset/navigation/object tool on the floor_128.jpg,navigation object tool
dataset/navigation/object tool on the floor_129.jpg,navigation object tool
dataset/navigation/object tool on the floor_13.jpg,navigation object tool
dataset/navigation/object tool on the floor_130.jpg,navigation object tool
dataset/navigation/object tool on the floor_131.jpg,navigation object tool
dataset/navigation/object tool on the floor_132.jpg,navigation object tool
dataset/navigation/object tool on the floor_133.jpg,navigation object tool
dataset/navigation/object tool on the floor_134.jpg,navigation object tool
dataset/navigation/object tool on the floor_135.jpg,navigation object tool
dataset/navigation/object tool on the floor_136.jpg,navigation object tool
dataset/navigation/object tool on the floor_137.jpg,navigation object tool
dataset/navigation/object tool on the floor_138.jpg,navigation object tool
dataset/navigation/object tool on the floor_139.jpg,navigation object tool
dataset/navigation/object tool on the floor_14.jpg,navigation object tool
dataset/navigation/object tool on the floor_140.jpg,navigation object tool
dataset/navigation/object tool on the floor_141.jpg,navigation object tool
dataset/navigation/object tool on the floor_15.jpg,navigation object tool
dataset/navigation/object tool on the floor_16.jpg,navigation object tool
dataset/navigation/object tool on the floor_17.jpg,navigation object tool
dataset/navigation/object tool on the floor_18.jpg,navigation object tool
dataset/navigation/object tool on the floor_19.jpg,navigation object tool
dataset/navigation/object tool on the floor_2.jpg,navigation object tool
dataset/navigation/object tool on the floor_20.jpg,navigation object tool
dataset/navigation/object tool on the floor_21.jpg,navigation object tool
dataset/navigation/object tool on the floor_22.jpg,navigation object tool
dataset/navigation/object tool on the floor_23.jpg,navigation object tool
dataset/navigation/object tool on the floor_24.jpg,navigation object tool
dataset/navigation/object tool on the floor_25.jpg,navigation object tool
dataset/navigation/object tool on the floor_26.jpg,navigation object tool
dataset/navigation/object tool on the floor_27.jpg,navigation object tool
dataset/navigation/object tool on the floor_28.jpg,navigation object tool
dataset/navigation/object tool on the floor_29.jpg,navigation object tool
dataset/navigation/object tool on the floor_3.jpg,navigation object tool
dataset/navigation/object tool on the floor_30.jpg,navigation object tool
dataset/navigation/object tool on the floor_31.jpg,navigation object tool
dataset/navigation/object tool on the floor_32.jpg,navigation object tool
dataset/navigation/object tool on the floor_33.jpg,navigation object tool
dataset/navigation/object tool on the floor_34.jpg,navigation object tool
dataset/navigation/object tool on the floor_35.jpg,navigation object tool
dataset/navigation/object tool on the floor_36.jpg,navigation object tool
dataset/navigation/object tool on the floor_37.jpg,navigation object tool
dataset/navigation/object tool on the floor_38.jpg,navigation object tool
dataset/navigation/object tool on the floor_39.jpg,navigation object tool
dataset/navigation/object tool on the floor_4.jpg,navigation object tool
dataset/navigation/object tool on the floor_40.jpg,navigation object tool
dataset/navigation/object tool on the floor_41.jpg,navigation object tool
dataset/navigation/object tool on the floor_42.jpg,navigation object tool
dataset/navigation/object tool on the floor_43.jpg,navigation object tool
dataset/navigation/object tool on the floor_44.jpg,navigation object tool
dataset/navigation/object tool on the floor_45.jpg,navigation object tool
dataset/navigation/object tool on the floor_46.jpg,navigation object tool
dataset/navigation/object tool on the floor_47.jpg,navigation object tool
dataset/navigation/object tool on the floor_48.jpg,navigation object tool
dataset/navigation/object tool on the floor_49.jpg,navigation object tool
dataset/navigation/object tool on the floor_5.jpg,navigation object tool
dataset/navigation/object tool on the floor_50.jpg,navigation object tool
dataset/navigation/object tool on the floor_51.jpg,navigation object tool
dataset/navigation/object tool on the floor_52.jpg,navigation object tool
dataset/navigation/object tool on the floor_53.jpg,navigation object tool
dataset/navigation/object tool on the floor_54.jpg,navigation object tool
dataset/navigation/object tool on the floor_55.jpg,navigation object tool
dataset/navigation/object tool on the floor_56.jpg,navigation object tool
dataset/navigation/object tool on the floor_57.jpg,navigation object tool
dataset/navigation/object tool on the floor_58.jpg,navigation object tool
dataset/navigation/object tool on the floor_59.jpg,navigation object tool
dataset/navigation/object tool on the floor_6.jpg,navigation object tool
dataset/navigation/object tool on the floor_60.jpg,navigation object tool
dataset/navigation/object tool on the floor_61.jpg,navigation object tool
dataset/navigation/object tool on the floor_62.jpg,navigation object tool
dataset/navigation/object tool on the floor_63.jpg,navigation object tool
dataset/navigation/object tool on the floor_64.jpg,navigation object tool
dataset/navigation/object tool on the floor_65.jpg,navigation object tool
dataset/navigation/object tool on the floor_66.jpg,navigation object tool
dataset/navigation/object tool on the floor_67.jpg,navigation object tool
dataset/navigation/object tool on the floor_68.jpg,navigation object tool
dataset/navigation/object tool on the floor_69.jpg,navigation object tool
dataset/navigation/object tool on the floor_7.jpg,navigation object tool
dataset/navigation/object tool on the floor_70.jpg,navigation object tool
dataset/navigation/object tool on the floor_71.jpg,navigation object tool
dataset/navigation/object tool on the floor_72.jpg,navigation object tool
dataset/navigation/object tool on the floor_73.jpg,navigation object tool
dataset/navigation/object tool on the floor_74.jpg,navigation object tool
dataset/navigation/object tool on the floor_75.jpg,navigation object tool
dataset/navigation/object tool on the floor_76.jpg,navigation object tool
dataset/navigation/object tool on the floor_77.jpg,navigation object tool
dataset/navigation/object tool on the floor_78.jpg,navigation object tool
dataset/navigation/object tool on the floor_79.jpg,navigation object tool
dataset/navigation/object tool on the floor_8.jpg,navigation object tool
dataset/navigation/object tool on the floor_80.jpg,navigation object tool
dataset/navigation/object tool on the floor_81.jpg,navigation object tool
dataset/navigation/object tool on the floor_82.jpg,navigation object tool
dataset/navigation/object tool on the floor_83.jpg,navigation object tool
dataset/navigation/object tool on the floor_84.jpg,navigation object tool
dataset/navigation/object tool on the floor_85.jpg,navigation object tool
dataset/navigation/object tool on the floor_86.jpg,navigation object tool
dataset/navigation/object tool on the floor_87.jpg,navigation object tool
dataset/navigation/object tool on the floor_88.jpg,navigation object tool
dataset/navigation/object tool on the floor_89.jpg,navigation object tool
dataset/navigation/object tool on the floor_9.jpg,navigation object tool
dataset/navigation/object tool on the floor_90.jpg,navigation object tool
dataset/navigation/object tool on the floor_91.jpg,navigation object tool
dataset/navigation/object tool on the floor_92.jpg,navigation object tool
dataset/navigation/object tool on the floor_93.jpg,navigation object tool
dataset/navigation/object tool on the floor_94.jpg,navigation object tool
dataset/navigation/object tool on the floor_95.jpg,navigation object tool
dataset/navigation/object tool on the floor_96.jpg,navigation object tool
dataset/navigation/object tool on the floor_97.jpg,navigation object tool
dataset/navigation/object tool on the floor_98.jpg,navigation object tool
dataset/navigation/object tool on the floor_99.jpg,navigation object tool
dataset/navigation/object vial on the floor_1.jpg,navigation object vial
dataset/navigation/object vial on the floor_10.jpg,navigation object vial
dataset/navigation/object vial on the floor_100.jpg,navigation object vial
dataset/navigation/object vial on the floor_101.jpg,navigation object vial
dataset/navigation/object vial on the floor_102.jpg,navigation object vial
dataset/navigation/object vial on the floor_103.jpg,navigation object vial
dataset/navigation/object vial on the floor_104.jpg,navigation object vial
dataset/navigation/object vial on the floor_105.jpg,navigation object vial
dataset/navigation/object vial on the floor_106.jpg,navigation object vial
dataset/navigation/object vial on the floor_107.jpg,navigation object vial
dataset/navigation/object vial on the floor_108.jpg,navigation object vial
dataset/navigation/object vial on the floor_109.jpg,navigation object vial
dataset/navigation/object vial on the floor_11.jpg,navigation object vial
dataset/navigation/object vial on the floor_110.jpg,navigation object vial
dataset/navigation/object vial on the floor_111.jpg,navigation object vial
dataset/navigation/object vial on the floor_112.jpg,navigation object vial
dataset/navigation/object vial on the floor_113.jpg,navigation object vial
dataset/navigation/object vial on the floor_114.jpg,navigation object vial
dataset/navigation/object vial on the floor_115.jpg,navigation object vial
dataset/navigation/object vial on the floor_116.jpg,navigation object vial
dataset/navigation/object vial on the floor_117.jpg,navigation object vial
dataset/navigation/object vial on the floor_118.jpg,navigation object vial
dataset/navigation/object vial on the floor_119.jpg,navigation object vial
dataset/navigation/object vial on the floor_12.jpg,navigation object vial
dataset/navigation/object vial on the floor_120.jpg,navigation object vial
dataset/navigation/object vial on the floor_121.jpg,navigation object vial
dataset/navigation/object vial on the floor_122.jpg,navigation object vial
dataset/navigation/object vial on the floor_123.jpg,navigation object vial
dataset/navigation/object vial on the floor_124.jpg,navigation object vial
dataset/navigation/object vial on the floor_125.jpg,navigation object vial
dataset/navigation/object vial on the floor_126.jpg,navigation object vial
dataset/navigation/object vial on the floor_127.jpg,navigation object vial
dataset/navigation/object vial on the floor_128.jpg,navigation object vial
dataset/navigation/object vial on the floor_129.jpg,navigation object vial
dataset/navigation/object vial on the floor_13.jpg,navigation object vial
dataset/navigation/object vial on the floor_130.jpg,navigation object vial
dataset/navigation/object vial on the floor_131.jpg,navigation object vial
dataset/navigation/object vial on the floor_132.jpg,navigation object vial
dataset/navigation/object vial on the floor_133.jpg,navigation object vial
dataset/navigation/object vial on the floor_134.jpg,navigation object vial
dataset/navigation/object vial on the floor_135.jpg,navigation object vial
dataset/navigation/object vial on the floor_136.jpg,navigation object vial
dataset/navigation/object vial on the floor_137.jpg,navigation object vial
dataset/navigation/object vial on the floor_138.jpg,navigation object vial
dataset/navigation/object vial on the floor_139.jpg,navigation object vial
dataset/navigation/object vial on the floor_14.jpg,navigation object vial
dataset/navigation/object vial on the floor_140.jpg,navigation object vial
dataset/navigation/object vial on the floor_141.jpg,navigation object vial
dataset/navigation/object vial on the floor_142.jpg,navigation object vial
dataset/navigation/object vial on the floor_143.jpg,navigation object vial
dataset/navigation/object vial on the floor_144.jpg,navigation object vial
dataset/navigation/object vial on the floor_145.jpg,navigation object vial
dataset/navigation/object vial on the floor_146.jpg,navigation object vial
dataset/navigation/object vial on the floor_15.jpg,navigation object vial
dataset/navigation/object vial on the floor_16.jpg,navigation object vial
dataset/navigation/object vial on the floor_17.jpg,navigation object vial
dataset/navigation/object vial on the floor_18.jpg,navigation object vial
dataset/navigation/object vial on the floor_19.jpg,navigation object vial
dataset/navigation/object vial on the floor_2.jpg,navigation object vial
dataset/navigation/object vial on the floor_20.jpg,navigation object vial
dataset/navigation/object vial on the floor_21.jpg,navigation object vial
dataset/navigation/object vial on the floor_22.jpg,navigation object vial
dataset/navigation/object vial on the floor_23.jpg,navigation object vial
dataset/navigation/object vial on the floor_24.jpg,navigation object vial
dataset/navigation/object vial on the floor_25.jpg,navigation object vial
dataset/navigation/object vial on the floor_26.jpg,navigation object vial
dataset/navigation/object vial on the floor_27.jpg,navigation object vial
dataset/navigation/object vial on the floor_28.jpg,navigation object vial
dataset/navigation/object vial on the floor_29.jpg,navigation object vial
dataset/navigation/object vial on the floor_3.jpg,navigation object vial
dataset/navigation/object vial on the floor_30.jpg,navigation object vial
dataset/navigation/object vial on the floor_31.jpg,navigation object vial
dataset/navigation/object vial on the floor_32.jpg,navigation object vial
dataset/navigation/object vial on the floor_33.jpg,navigation object vial
dataset/navigation/object vial on the floor_34.jpg,navigation object vial
dataset/navigation/object vial on the floor_35.jpg,navigation object vial
dataset/navigation/object vial on the floor_36.jpg,navigation object vial
dataset/navigation/object vial on the floor_37.jpg,navigation object vial
dataset/navigation/object vial on the floor_38.jpg,navigation object vial
dataset/navigation/object vial on the floor_39.jpg,navigation object vial
dataset/navigation/object vial on the floor_4.jpg,navigation object vial
dataset/navigation/object vial on the floor_40.jpg,navigation object vial
dataset/navigation/object vial on the floor_41.jpg,navigation object vial
dataset/navigation/object vial on the floor_42.jpg,navigation object vial
dataset/navigation/object vial on the floor_43.jpg,navigation object vial
dataset/navigation/object vial on the floor_44.jpg,navigation object vial
dataset/navigation/object vial on the floor_45.jpg,navigation object vial
dataset/navigation/object vial on the floor_46.jpg,navigation object vial
dataset/navigation/object vial on the floor_47.jpg,navigation object vial
dataset/navigation/object vial on the floor_48.jpg,navigation object vial
dataset/navigation/object vial on the floor_49.jpg,navigation object vial
dataset/navigation/object vial on the floor_5.jpg,navigation object vial
dataset/navigation/object vial on the floor_50.jpg,navigation object vial
dataset/navigation/object vial on the floor_51.jpg,navigation object vial
dataset/navigation/object vial on the floor_52.jpg,navigation object vial
dataset/navigation/object vial on the floor_53.jpg,navigation object vial
dataset/navigation/object vial on the floor_54.jpg,navigation object vial
dataset/navigation/object vial on the floor_55.jpg,navigation object vial
dataset/navigation/object vial on the floor_56.jpg,navigation object vial
dataset/navigation/object vial on the floor_57.jpg,navigation object vial
dataset/navigation/object vial on the floor_58.jpg,navigation object vial
dataset/navigation/object vial on the floor_59.jpg,navigation object vial
dataset/navigation/object vial on the floor_6.jpg,navigation object vial
dataset/navigation/object vial on the floor_60.jpg,navigation object vial
dataset/navigation/object vial on the floor_61.jpg,navigation object vial
dataset/navigation/object vial on the floor_62.jpg,navigation object vial
dataset/navigation/object vial on the floor_63.jpg,navigation object vial
dataset/navigation/object vial on the floor_64.jpg,navigation object vial
dataset/navigation/object vial on the floor_65.jpg,navigation object vial
dataset/navigation/object vial on the floor_66.jpg,navigation object vial
dataset/navigation/object vial on the floor_67.jpg,navigation object vial
dataset/navigation/object vial on the floor_68.jpg,navigation object vial
dataset/navigation/object vial on the floor_69.jpg,navigation object vial
dataset/navigation/object vial on the floor_7.jpg,navigation object vial
dataset/navigation/object vial on the floor_70.jpg,navigation object vial
dataset/navigation/object vial on the floor_71.jpg,navigation object vial
dataset/navigation/object vial on the floor_72.jpg,navigation object vial
dataset/navigation/object vial on the floor_73.jpg,navigation object vial
dataset/navigation/object vial on the floor_74.jpg,navigation object vial
dataset/navigation/object vial on the floor_75.jpg,navigation object vial
dataset/navigation/object vial on the floor_76.jpg,navigation object vial
dataset/navigation/object vial on the floor_77.jpg,navigation object vial
dataset/navigation/object vial on the floor_78.jpg,navigation object vial
dataset/navigation/object vial on the floor_79.jpg,navigation object vial
dataset/navigation/object vial on the floor_8.jpg,navigation object vial
dataset/navigation/object vial on the floor_80.jpg,navigation object vial
dataset/navigation/object vial on the floor_81.jpg,navigation object vial
dataset/navigation/object vial on the floor_82.jpg,navigation object vial
dataset/navigation/object vial on the floor_83.jpg,navigation object vial
dataset/navigation/object vial on the floor_84.jpg,navigation object vial
dataset/navigation/object vial on the floor_85.jpg,navigation object vial
dataset/navigation/object vial on the floor_86.jpg,navigation object vial
dataset/navigation/object vial on the floor_87.jpg,navigation object vial
dataset/navigation/object vial on the floor_88.jpg,navigation object vial
dataset/navigation/object vial on the floor_89.jpg,navigation object vial
dataset/navigation/object vial on the floor_9.jpg,navigation object vial
dataset/navigation/object vial on the floor_90.jpg,navigation object vial
dataset/navigation/object vial on the floor_91.jpg,navigation object vial
dataset/navigation/object vial on the floor_92.jpg,navigation object vial
dataset/navigation/object vial on the floor_93.jpg,navigation object vial
dataset/navigation/object vial on the floor_94.jpg,navigation object vial
dataset/navigation/object vial on the floor_95.jpg,navigation object vial
dataset/navigation/object vial on the floor_96.jpg,navigation object vial
dataset/navigation/object vial on the floor_97.jpg,navigation object vial
dataset/navigation/object vial on the floor_98.jpg,navigation object vial
dataset/navigation/object vial on the floor_99.jpg,navigation object vial
dataset/navigation/other objects on the floor_1.jpg,navigation other objects
dataset/navigation/other objects on the floor_10.jpg,navigation other objects
dataset/navigation/other objects on the floor_100.jpg,navigation other objects
dataset/navigation/other objects on the floor_101.jpg,navigation other objects
dataset/navigation/other objects on the floor_102.jpg,navigation other objects
dataset/navigation/other objects on the floor_103.jpg,navigation other objects
dataset/navigation/other objects on the floor_104.jpg,navigation other objects
dataset/navigation/other objects on the floor_105.jpg,navigation other objects
dataset/navigation/other objects on the floor_106.jpg,navigation other objects
dataset/navigation/other objects on the floor_107.jpg,navigation other objects
dataset/navigation/other objects on the floor_108.jpg,navigation other objects
dataset/navigation/other objects on the floor_109.jpg,navigation other objects
dataset/navigation/other objects on the floor_11.jpg,navigation other objects
dataset/navigation/other objects on the floor_110.jpg,navigation other objects
dataset/navigation/other objects on the floor_111.jpg,navigation other objects
dataset/navigation/other objects on the floor_112.jpg,navigation other objects
dataset/navigation/other objects on the floor_113.jpg,navigation other objects
dataset/navigation/other objects on the floor_114.jpg,navigation other objects
dataset/navigation/other objects on the floor_115.jpg,navigation other objects
dataset/navigation/other objects on the floor_116.jpg,navigation other objects
dataset/navigation/other objects on the floor_117.jpg,navigation other objects
dataset/navigation/other objects on the floor_118.jpg,navigation other objects
dataset/navigation/other objects on the floor_119.jpg,navigation other objects
dataset/navigation/other objects on the floor_12.jpg,navigation other objects
dataset/navigation/other objects on the floor_120.jpg,navigation other objects
dataset/navigation/other objects on the floor_121.jpg,navigation other objects
dataset/navigation/other objects on the floor_122.jpg,navigation other objects
dataset/navigation/other objects on the floor_123.jpg,navigation other objects
dataset/navigation/other objects on the floor_124.jpg,navigation other objects
dataset/navigation/other objects on the floor_125.jpg,navigation other objects
dataset/navigation/other objects on the floor_126.jpg,navigation other objects
dataset/navigation/other objects on the floor_127.jpg,navigation other objects
dataset/navigation/other objects on the floor_128.jpg,navigation other objects
dataset/navigation/other objects on the floor_129.jpg,navigation other objects
dataset/navigation/other objects on the floor_13.jpg,navigation other objects
dataset/navigation/other objects on the floor_130.jpg,navigation other objects
dataset/navigation/other objects on the floor_131.jpg,navigation other objects
dataset/navigation/other objects on the floor_132.jpg,navigation other objects
dataset/navigation/other objects on the floor_133.jpg,navigation other objects
dataset/navigation/other objects on the floor_134.jpg,navigation other objects
dataset/navigation/other objects on the floor_135.jpg,navigation other objects
dataset/navigation/other objects on the floor_136.jpg,navigation other objects
dataset/navigation/other objects on the floor_137.jpg,navigation other objects
dataset/navigation/other objects on the floor_138.jpg,navigation other objects
dataset/navigation/other objects on the floor_139.jpg,navigation other objects
dataset/navigation/other objects on the floor_14.jpg,navigation other objects
dataset/navigation/other objects on the floor_15.jpg,navigation other objects
dataset/navigation/other objects on the floor_16.jpg,navigation other objects
dataset/navigation/other objects on the floor_17.jpg,navigation other objects
dataset/navigation/other objects on the floor_18.jpg,navigation other objects
dataset/navigation/other objects on the floor_19.jpg,navigation other objects
dataset/navigation/other objects on the floor_2.jpg,navigation other objects
dataset/navigation/other objects on the floor_20.jpg,navigation other objects
dataset/navigation/other objects on the floor_21.jpg,navigation other objects
dataset/navigation/other objects on the floor_22.jpg,navigation other objects
dataset/navigation/other objects on the floor_23.jpg,navigation other objects
dataset/navigation/other objects on the floor_24.jpg,navigation other objects
dataset/navigation/other objects on the floor_25.jpg,navigation other objects
dataset/navigation/other objects on the floor_26.jpg,navigation other objects
dataset/navigation/other objects on the floor_27.jpg,navigation other objects
dataset/navigation/other objects on the floor_28.jpg,navigation other objects
dataset/navigation/other objects on the floor_29.jpg,navigation other objects
dataset/navigation/other objects on the floor_3.jpg,navigation other objects
dataset/navigation/other objects on the floor_30.jpg,navigation other objects
dataset/navigation/other objects on the floor_31.jpg,navigation other objects
dataset/navigation/other objects on the floor_32.jpg,navigation other objects
dataset/navigation/other objects on the floor_33.jpg,navigation other objects
dataset/navigation/other objects on the floor_34.jpg,navigation other objects
dataset/navigation/other objects on the floor_35.jpg,navigation other objects
dataset/navigation/other objects on the floor_36.jpg,navigation other objects
dataset/navigation/other objects on the floor_37.jpg,navigation other objects
dataset/navigation/other objects on the floor_38.jpg,navigation other objects
dataset/navigation/other objects on the floor_39.jpg,navigation other objects
dataset/navigation/other objects on the floor_4.jpg,navigation other objects
dataset/navigation/other objects on the floor_40.jpg,navigation other objects
dataset/navigation/other objects on the floor_41.jpg,navigation other objects
dataset/navigation/other objects on the floor_42.jpg,navigation other objects
dataset/navigation/other objects on the floor_43.jpg,navigation other objects
dataset/navigation/other objects on the floor_44.jpg,navigation other objects
dataset/navigation/other objects on the floor_45.jpg,navigation other objects
dataset/navigation/other objects on the floor_46.jpg,navigation other objects
dataset/navigation/other objects on the floor_47.jpg,navigation other objects
dataset/navigation/other objects on the floor_48.jpg,navigation other objects
dataset/navigation/other objects on the floor_49.jpg,navigation other objects
dataset/navigation/other objects on the floor_5.jpg,navigation other objects
dataset/navigation/other objects on the floor_50.jpg,navigation other objects
dataset/navigation/other objects on the floor_51.jpg,navigation other objects
dataset/navigation/other objects on the floor_52.jpg,navigation other objects
dataset/navigation/other objects on the floor_53.jpg,navigation other objects
dataset/navigation/other objects on the floor_54.jpg,navigation other objects
dataset/navigation/other objects on the floor_55.jpg,navigation other objects
dataset/navigation/other objects on the floor_56.jpg,navigation other objects
dataset/navigation/other objects on the floor_57.jpg,navigation other objects
dataset/navigation/other objects on the floor_58.jpg,navigation other objects
dataset/navigation/other objects on the floor_59.jpg,navigation other objects
dataset/navigation/other objects on the floor_6.jpg,navigation other objects
dataset/navigation/other objects on the floor_60.jpg,navigation other objects
dataset/navigation/other objects on the floor_61.jpg,navigation other objects
dataset/navigation/other objects on the floor_62.jpg,navigation other objects
dataset/navigation/other objects on the floor_63.jpg,navigation other objects
dataset/navigation/other objects on the floor_64.jpg,navigation other objects
dataset/navigation/other objects on the floor_65.jpg,navigation other objects
dataset/navigation/other objects on the floor_66.jpg,navigation other objects
dataset/navigation/other objects on the floor_67.jpg,navigation other objects
dataset/navigation/other objects on the floor_68.jpg,navigation other objects
dataset/navigation/other objects on the floor_69.jpg,navigation other objects
dataset/navigation/other objects on the floor_7.jpg,navigation other objects
dataset/navigation/other objects on the floor_70.jpg,navigation other objects
dataset/navigation/other objects on the floor_71.jpg,navigation other objects
dataset/navigation/other objects on the floor_72.jpg,navigation other objects
dataset/navigation/other objects on the floor_73.jpg,navigation other objects
dataset/navigation/other objects on the floor_74.jpg,navigation other objects
dataset/navigation/other objects on the floor_75.jpg,navigation other objects
dataset/navigation/other objects on the floor_76.jpg,navigation other objects
dataset/navigation/other objects on the floor_77.jpg,navigation other objects
dataset/navigation/other objects on the floor_78.jpg,navigation other objects
dataset/navigation/other objects on the floor_79.jpg,navigation other objects
dataset/navigation/other objects on the floor_8.jpg,navigation other objects
dataset/navigation/other objects on the floor_80.jpg,navigation other objects
dataset/navigation/other objects on the floor_81.jpg,navigation other objects
dataset/navigation/other objects on the floor_82.jpg,navigation other objects
dataset/navigation/other objects on the floor_83.jpg,navigation other objects
dataset/navigation/other objects on the floor_84.jpg,navigation other objects
dataset/navigation/other objects on the floor_85.jpg,navigation other objects
dataset/navigation/other objects on the floor_86.jpg,navigation other objects
dataset/navigation/other objects on the floor_87.jpg,navigation other objects
dataset/navigation/other objects on the floor_88.jpg,navigation other objects
dataset/navigation/other objects on the floor_89.jpg,navigation other objects
dataset/navigation/other objects on the floor_9.jpg,navigation other objects
dataset/navigation/other objects on the floor_90.jpg,navigation other objects
dataset/navigation/other objects on the floor_91.jpg,navigation other objects
dataset/navigation/other objects on the floor_92.jpg,navigation other objects
dataset/navigation/other objects on the floor_93.jpg,navigation other objects
dataset/navigation/other objects on the floor_94.jpg,navigation other objects
dataset/navigation/other objects on the floor_95.jpg,navigation other objects
dataset/navigation/other objects on the floor_96.jpg,navigation other objects
dataset/navigation/other objects on the floor_97.jpg,navigation other objects
dataset/navigation/other objects on the floor_98.jpg,navigation other objects
dataset/navigation/other objects on the floor_99.jpg,navigation other objects
